{
    "nodes": {
        "node:1": {
            "location": {
                "x": 10,
                "y": 10
            }
        },
        "node:4": {
            "location": {
                "x": 211,
                "y": 25
            }
        }
    },
    "selection": null,
    "view": {
        "scroll": {
            "x": -22.1699371337890625,
            "y": -44.4574737548828125
        },
        "visible_rect": {
            "max": {
                "x": 331.29998779296875,
                "y": 158.628128051757812
            },
            "min": {
                "x": -5.30000019073486328,
                "y": -10.6281147003173828
            }
        },
        "zoom": 4.18300676345825195
    }
}